letra,0_x,0_y,0_z,1_x,1_y,1_z,2_x,2_y,2_z,3_x,3_y,3_z,4_x,4_y,4_z,5_x,5_y,5_z,6_x,6_y,6_z,7_x,7_y,7_z,8_x,8_y,8_z,9_x,9_y,9_z,10_x,10_y,10_z,11_x,11_y,11_z,12_x,12_y,12_z,13_x,13_y,13_z,14_x,14_y,14_z,15_x,15_y,15_z,16_x,16_y,16_z,17_x,17_y,17_z,18_x,18_y,18_z,19_x,19_y,19_z,20_x,20_y,20_z
N,0.810553789138794,0.14533749222755432,-1.685007617879819e-07,0.70163494348526,0.2211412638425827,0.0011046624276787043,0.6471896767616272,0.3757494390010834,-0.03280607983469963,0.6678816080093384,0.5512350797653198,-0.06804373860359192,0.6777355670928955,0.6840124130249023,-0.10732181370258331,0.5492644906044006,0.3509819507598877,-0.0825343132019043,0.5424812436103821,0.5828515291213989,-0.13305848836898804,0.5506371855735779,0.724449098110199,-0.16682906448841095,0.5557026863098145,0.8364426493644714,-0.18870098888874054,0.6124122738838196,0.3467079997062683,-0.1089669018983841,0.5977653861045837,0.6136734485626221,-0.1519903838634491,0.5968166589736938,0.7727135419845581,-0.17343558371067047,0.5964171886444092,0.8980393409729004,-0.1924746185541153,0.6887629628181458,0.34785833954811096,-0.1290699541568756,0.7114984393119812,0.5898051261901855,-0.16139261424541473,0.7301927208900452,0.5464037656784058,-0.14357890188694,0.7309079170227051,0.48354971408843994,-0.1293659508228302,0.7663763761520386,0.35800987482070923,-0.14813943207263947,0.771404504776001,0.5447434782981873,-0.16772398352622986,0.7812888622283936,0.5093520879745483,-0.14368925988674164,0.7755834460258484,0.44955721497535706,-0.12353529036045074
M,0.7915636897087097,0.14276473224163055,-2.3591888975715847e-07,0.6777106523513794,0.16607078909873962,0.0011618486605584621,0.6015020608901978,0.27357181906700134,-0.021665602922439575,0.5855665802955627,0.4115685224533081,-0.04149969294667244,0.5972098112106323,0.5173162221908569,-0.06904707103967667,0.5585830807685852,0.2895404100418091,-0.09089043736457825,0.5565300583839417,0.5207344889640808,-0.12674008309841156,0.5693371295928955,0.6450773477554321,-0.14853514730930328,0.5776312351226807,0.7356678247451782,-0.16233649849891663,0.6314535140991211,0.29525673389434814,-0.10641833394765854,0.6261407732963562,0.5540145039558411,-0.14078250527381897,0.626143753528595,0.6946702003479004,-0.16098013520240784,0.6271376013755798,0.7962692975997925,-0.17967791855335236,0.7030917406082153,0.31588122248649597,-0.11489559710025787,0.6802263259887695,0.5563487410545349,-0.14864884316921234,0.669647753238678,0.6870276927947998,-0.16390712559223175,0.667539119720459,0.7772727012634277,-0.17545336484909058,0.7627193331718445,0.3444140553474426,-0.11856146901845932,0.7236601710319519,0.5120543837547302,-0.14654424786567688,0.70374596118927,0.5683262944221497,-0.15180793404579163,0.6866795420646667,0.6021832227706909,-0.1551145613193512
A,0.8242933750152588,0.8927226066589355,-1.2975564231965109e-06,0.7145699858665466,0.8400048017501831,-0.04090096801519394,0.6177773475646973,0.681446373462677,-0.054761599749326706,0.5862842798233032,0.5196335315704346,-0.07200053334236145,0.61411052942276,0.40294116735458374,-0.07573259621858597,0.6861761212348938,0.523848831653595,0.02207149751484394,0.657589852809906,0.40693172812461853,-0.03844932094216347,0.6640328764915466,0.5505495667457581,-0.06250259280204773,0.6831347942352295,0.6107839941978455,-0.06808938086032867,0.7521648406982422,0.5150389075279236,0.019707994535565376,0.7233633995056152,0.41689756512641907,-0.03815092146396637,0.7240606546401978,0.5872429609298706,-0.03588904067873955,0.7442517876625061,0.6066828370094299,-0.01638229563832283,0.8217070698738098,0.5234957933425903,0.0014418686041608453,0.7971697449684143,0.41323086619377136,-0.058725640177726746,0.7880804538726807,0.5731779932975769,-0.023480359464883804,0.8064565658569336,0.6061439514160156,0.01887204311788082,0.8966276049613953,0.5418582558631897,-0.022306134924292564,0.8657141923904419,0.4521673917770386,-0.05091487243771553,0.847865641117096,0.5615165829658508,-0.02204328589141369,0.8610922694206238,0.6026864647865295,0.010197260417044163
B,0.9707826972007751,1.014595627784729,1.0045081353382557e-06,0.8531010150909424,0.9576159715652466,-0.04989112541079521,0.7723791003227234,0.7947530746459961,-0.07564413547515869,0.818393886089325,0.6531577110290527,-0.09870947152376175,0.9196646809577942,0.6502706408500671,-0.122483991086483,0.7728525996208191,0.5856392979621887,-0.03495507314801216,0.7595008015632629,0.4148360788822174,-0.0667080208659172,0.7599849104881287,0.30550312995910645,-0.09960876405239105,0.7668338418006897,0.20228394865989685,-0.1293843388557434,0.8401928544044495,0.5525826215744019,-0.04233993962407112,0.8267306089401245,0.3621760904788971,-0.06636792421340942,0.8251004815101624,0.23745614290237427,-0.09340354800224304,0.8249059915542603,0.1238396167755127,-0.11725346744060516,0.9097724556922913,0.5640222430229187,-0.05779430270195007,0.9013515114784241,0.38710668683052063,-0.08100618422031403,0.8952557444572449,0.26999613642692566,-0.10672508180141449,0.888677716255188,0.16473719477653503,-0.12829987704753876,0.9825811982154846,0.6064298152923584,-0.08036500960588455,0.9706190824508667,0.4629437029361725,-0.1028786301612854,0.9628636837005615,0.3666510581970215,-0.11871574074029922,0.9580613970756531,0.28054118156433105,-0.13343621790409088
N,0.7173435091972351,0.12452113628387451,3.373731090050569e-07,0.6274452209472656,0.21991635859012604,0.0038620017003268003,0.6031623482704163,0.3820604979991913,-0.018601248040795326,0.6487312316894531,0.5351704359054565,-0.04121701791882515,0.6861158609390259,0.642423152923584,-0.0656437873840332,0.5464527010917664,0.39823687076568604,-0.07943305373191833,0.5636156797409058,0.6222156882286072,-0.11656433343887329,0.5681858658790588,0.7428027391433716,-0.1335507333278656,0.5730425715446472,0.8436416387557983,-0.1422116458415985,0.6107284426689148,0.39526450634002686,-0.09772101044654846,0.6169126033782959,0.6402577757835388,-0.1378108412027359,0.6210569143295288,0.7844064831733704,-0.15033166110515594,0.6303462982177734,0.8938826322555542,-0.1580773890018463,0.6821063756942749,0.3877190053462982,-0.10806642472743988,0.7060210108757019,0.5913404226303101,-0.13687968254089355,0.7027575373649597,0.5432745218276978,-0.11339868605136871,0.6986240148544312,0.4828175902366638,-0.08975173532962799,0.7527164816856384,0.37730085849761963,-0.11682049930095673,0.752541720867157,0.5326365232467651,-0.12857156991958618,0.7436063885688782,0.4975145161151886,-0.10090846568346024,0.736379086971283,0.4468892812728882,-0.07557499408721924
M,0.7905948758125305,0.11535364389419556,1.7670848251327698e-07,0.6795760989189148,0.19574327766895294,0.007567426655441523,0.614625096321106,0.34296178817749023,-0.0017199997091665864,0.5744850039482117,0.47584301233291626,-0.008918632753193378,0.5493733882904053,0.5607564449310303,-0.02162143960595131,0.5913690328598022,0.38691291213035583,-0.07414606958627701,0.6032688617706299,0.6234344244003296,-0.09921938180923462,0.6110680103302002,0.745512068271637,-0.10966497659683228,0.6134902238845825,0.843366801738739,-0.11658108234405518,0.6599874496459961,0.3921828269958496,-0.09175984561443329,0.6634018421173096,0.6544164419174194,-0.1257687211036682,0.6600486040115356,0.8003720641136169,-0.1447584629058838,0.6551595330238342,0.9104607105255127,-0.15789547562599182,0.7362402677536011,0.393498957157135,-0.10176756978034973,0.7289337515830994,0.6284081935882568,-0.13477812707424164,0.7124974727630615,0.7732857465744019,-0.1573878675699234,0.700679361820221,0.8810944557189941,-0.17173181474208832,0.8087401390075684,0.3900807797908783,-0.10650824755430222,0.7781643867492676,0.5520274639129639,-0.1322200745344162,0.7599817514419556,0.6170898675918579,-0.13973701000213623,0.7472463250160217,0.6635333895683289,-0.14356330037117004
C,0.9480658769607544,0.8070493340492249,-3.9323623468590085e-07,0.8100906610488892,0.7665872573852539,0.04734160006046295,0.7138127088546753,0.6954622268676758,0.054410479962825775,0.6403098106384277,0.6741372346878052,0.042505133897066116,0.5706206560134888,0.657351016998291,0.03061823733150959,0.7767007350921631,0.5198667049407959,0.0774446576833725,0.7029420137405396,0.41528648138046265,0.0574948824942112,0.6285187005996704,0.4133729934692383,0.037117600440979004,0.576430082321167,0.43255123496055603,0.024469252675771713,0.7973907589912415,0.5054431557655334,0.02877345122396946,0.7061906456947327,0.3524332642555237,0.006192992441356182,0.6210289597511292,0.3655162751674652,-0.008334847167134285,0.570664644241333,0.4113568365573883,-0.015135237947106361,0.8029922842979431,0.5227746963500977,-0.024273036047816277,0.711971640586853,0.37117800116539,-0.04206302762031555,0.6250566244125366,0.37769877910614014,-0.04485428333282471,0.5703260898590088,0.4105973243713379,-0.04490115866065025,0.7864167094230652,0.5679639577865601,-0.07543271780014038,0.7001141905784607,0.47029590606689453,-0.08646687120199203,0.6322210431098938,0.44430840015411377,-0.08685266971588135,0.5806680917739868,0.4357718229293823,-0.08740703761577606
E,0.832430362701416,0.8626577854156494,-4.169187093339133e-07,0.7236943244934082,0.863656759262085,-0.056709904223680496,0.6129329204559326,0.7810797691345215,-0.10052559524774551,0.5808581113815308,0.6967033743858337,-0.1478365808725357,0.6689853668212891,0.6811355352401733,-0.1881229430437088,0.6761576533317566,0.5173224210739136,-0.04612370580434799,0.6854645609855652,0.32298195362091064,-0.11453152447938919,0.6638091802597046,0.3930336833000183,-0.15761961042881012,0.6708530783653259,0.4953502118587494,-0.17931315302848816,0.7434931993484497,0.4967655539512634,-0.052492037415504456,0.7587359547615051,0.2723894715309143,-0.12132152915000916,0.7335045337677002,0.3704083561897278,-0.1478845477104187,0.7374802827835083,0.4728512465953827,-0.15070854127407074,0.8057107925415039,0.5047868490219116,-0.06956635415554047,0.8139058351516724,0.30621224641799927,-0.11614878475666046,0.7902498245239258,0.39556974172592163,-0.1171477660536766,0.7919649481773376,0.49413222074508667,-0.10509435087442398,0.869371771812439,0.5336502194404602,-0.09428722411394119,0.8664513826370239,0.38195568323135376,-0.11634567379951477,0.8485205173492432,0.422535240650177,-0.11386016756296158,0.8485478162765503,0.49387747049331665,-0.10645044595003128
F,0.7950485944747925,0.9667768478393555,3.8538269109267276e-07,0.7077173590660095,0.9241892099380493,-0.01890534535050392,0.6392940282821655,0.7910049557685852,-0.026727011427283287,0.6166917681694031,0.6788063049316406,-0.03809987008571625,0.5926476120948792,0.5997552275657654,-0.048772551119327545,0.6758520007133484,0.671278178691864,0.0006838816916570067,0.6268711686134338,0.6101354956626892,-0.04177096113562584,0.5937243700027466,0.6072515249252319,-0.07646185904741287,0.5679646134376526,0.6073265075683594,-0.09539946913719177,0.7268878221511841,0.6272168159484863,-0.019076291471719742,0.6870715022087097,0.46039795875549316,-0.048065513372421265,0.6677083373069763,0.34514081478118896,-0.07313510775566101,0.6549969911575317,0.23863637447357178,-0.08855289965867996,0.7932629585266113,0.6271710395812988,-0.04706556349992752,0.7956637740135193,0.4487988352775574,-0.09206142276525497,0.7983575463294983,0.3410700261592865,-0.12204846739768982,0.7951005697250366,0.24447643756866455,-0.13775323331356049,0.8674359321594238,0.661910891532898,-0.07586821168661118,0.9221959710121155,0.5370073318481445,-0.11607947200536728,0.9674421548843384,0.45429927110671997,-0.1310880035161972,1.0018497705459595,0.3793558180332184,-0.1385170966386795
G,0.767183244228363,0.957550048828125,-7.267462365234678e-07,0.6965813040733337,0.8577134013175964,-0.016902560368180275,0.6705501675605774,0.6777601838111877,-0.016784032806754112,0.6807371377944946,0.5459781885147095,-0.022831391543149948,0.6575716733932495,0.45023661851882935,-0.028860820457339287,0.7279240489006042,0.5955101251602173,-0.005503527820110321,0.7265299558639526,0.4258342683315277,-0.04222961887717247,0.7274734973907471,0.3296710252761841,-0.06275515258312225,0.7316851019859314,0.23723456263542175,-0.07770542055368423,0.7873424887657166,0.6172774434089661,-0.01940128207206726,0.7558653950691223,0.5477902889251709,-0.0881960391998291,0.7388522624969482,0.6878836154937744,-0.09695389866828918,0.7461308240890503,0.7737286686897278,-0.08580570667982101,0.8467254042625427,0.6537107229232788,-0.03905284032225609,0.8233656287193298,0.5770991444587708,-0.10029648244380951,0.7963670492172241,0.706028938293457,-0.07481246441602707,0.7986395359039307,0.7800500392913818,-0.04030797630548477,0.9072269201278687,0.7009647488594055,-0.06170707195997238,0.9033558964729309,0.6025068759918213,-0.09331746399402618,0.8666296601295471,0.6692398190498352,-0.07021113485097885,0.8557416796684265,0.7190479040145874,-0.044370729476213455
A,0.8374898433685303,1.0124104022979736,-1.1132511872347095e-06,0.7369340062141418,0.9588183760643005,-0.03359009325504303,0.658215343952179,0.8314085602760315,-0.040403567254543304,0.6411406993865967,0.6862927675247192,-0.048595186322927475,0.67836594581604,0.5951434373855591,-0.04381505027413368,0.7295935750007629,0.7061901688575745,0.021567808464169502,0.7110976576805115,0.6215430498123169,-0.021765006706118584,0.7200540900230408,0.7429819107055664,-0.036504242569208145,0.7312132716178894,0.7722463607788086,-0.04052263870835304,0.7909930348396301,0.6998908519744873,0.021105410531163216,0.7716890573501587,0.6316542029380798,-0.025573570281267166,0.7723385691642761,0.774212658405304,-0.024886604398489,0.7827428579330444,0.7760125398635864,-0.011101880110800266,0.8539748787879944,0.7037201523780823,0.008302727714180946,0.8366518616676331,0.6186164617538452,-0.04267798736691475,0.8276634812355042,0.7559853196144104,-0.01341900136321783,0.8384029269218445,0.7760626077651978,0.02141476981341839,0.9214907884597778,0.7160308361053467,-0.008771761320531368,0.902215301990509,0.6397476196289062,-0.034660208970308304,0.8845608234405518,0.7361059188842773,-0.011057134717702866,0.8912824988365173,0.7692590951919556,0.01576433703303337
B,0.8224239349365234,0.9264153242111206,7.887395554462273e-07,0.7366131544113159,0.878002405166626,-0.04108637943863869,0.6809269189834595,0.7444846630096436,-0.062086813151836395,0.7283298969268799,0.633135974407196,-0.08096016198396683,0.8080839514732361,0.6231619715690613,-0.1014852523803711,0.6854074001312256,0.5749300718307495,-0.03367580473423004,0.6773919463157654,0.42933112382888794,-0.062331683933734894,0.6800957322120667,0.33317074179649353,-0.09144526720046997,0.6864273548126221,0.2457471787929535,-0.11694595217704773,0.7411960363388062,0.5501047372817993,-0.03975898027420044,0.7311422824859619,0.3863375186920166,-0.06176181510090828,0.7309949398040771,0.2790459394454956,-0.08774232119321823,0.729287326335907,0.18067458271980286,-0.11046341061592102,0.7961064577102661,0.5609177350997925,-0.051700275391340256,0.7916197776794434,0.40879443287849426,-0.07253444939851761,0.7881106734275818,0.3111238479614258,-0.09629612416028976,0.7826120853424072,0.22278568148612976,-0.11640695482492447,0.8517122268676758,0.5974591970443726,-0.06917432695627213,0.8468655943870544,0.47891032695770264,-0.08995793014764786,0.8429637551307678,0.39951464533805847,-0.10464299470186234,0.8401104807853699,0.32840535044670105,-0.11819407343864441
C,0.9241453409194946,0.8203344345092773,-3.342474315104482e-07,0.7908982634544373,0.7962748408317566,0.02618001587688923,0.6846725940704346,0.740206241607666,0.028537960723042488,0.607730507850647,0.7296640872955322,0.012380475178360939,0.5419815182685852,0.7039633393287659,-0.0005252830451354384,0.703091561794281,0.5631599426269531,0.07788623869419098,0.639352560043335,0.4713401198387146,0.04570186510682106,0.5760009288787842,0.4897046685218811,0.013953609392046928,0.5464307069778442,0.5299944281578064,-0.004467243328690529,0.7265729904174805,0.5415094494819641,0.035101693123579025,0.6607503294944763,0.39671653509140015,0.003771580057218671,0.5811264514923096,0.42840132117271423,-0.019207235425710678,0.5494748950004578,0.49410539865493774,-0.030466027557849884,0.7523329854011536,0.540062427520752,-0.016670240089297295,0.6876201033592224,0.39441829919815063,-0.0427783839404583,0.5980477929115295,0.43218547105789185,-0.0544641837477684,0.5568109154701233,0.4941160976886749,-0.05777478218078613,0.7699984312057495,0.565516471862793,-0.06989327073097229,0.6941846609115601,0.4722270369529724,-0.08801829069852829,0.618002712726593,0.4862331748008728,-0.09499838203191757,0.5741157531738281,0.5252185463905334,-0.09778344631195068
D,0.928560733795166,0.9073341488838196,-8.189464750785191e-08,0.7871941924095154,0.8712424039840698,0.05605021491646767,0.6850972175598145,0.7963281869888306,0.06285882741212845,0.6161086559295654,0.772700846195221,0.045594677329063416,0.5562437772750854,0.7486446499824524,0.0253901407122612,0.7406906485557556,0.5826050043106079,0.06469904631376266,0.6952757239341736,0.4302203953266144,0.04854917526245117,0.6685742139816284,0.3395385146141052,0.03311251848936081,0.6510952711105347,0.2575984299182892,0.01967613957822323,0.7663382291793823,0.5746141076087952,0.01040548738092184,0.6250913739204407,0.5000665187835693,-0.01801276206970215,0.5561803579330444,0.5868164300918579,-0.03201425075531006,0.5430188179016113,0.6550766229629517,-0.037318844348192215,0.776605486869812,0.6002113223075867,-0.04445728659629822,0.633625864982605,0.5176297426223755,-0.06919748336076736,0.5685203075408936,0.6088544726371765,-0.06565850228071213,0.5577963590621948,0.6831513047218323,-0.058008089661598206,0.7728931307792664,0.649315357208252,-0.09686871618032455,0.6501619815826416,0.5822213888168335,-0.11451153457164764,0.5896793603897095,0.6307643055915833,-0.11034276336431503,0.5737326741218567,0.6887999773025513,-0.10324668139219284
E,0.8583425283432007,0.8847521543502808,-1.7444743605210533e-07,0.7508031725883484,0.8935306668281555,-0.05746449902653694,0.6430127024650574,0.8105881810188293,-0.09586180001497269,0.6172082424163818,0.7368787527084351,-0.13588429987430573,0.7063351273536682,0.7341017723083496,-0.17093229293823242,0.7016294002532959,0.5602183938026428,-0.0364331491291523,0.7117389440536499,0.3907892107963562,-0.09451543539762497,0.6835094690322876,0.41959643363952637,-0.13957270979881287,0.6789499521255493,0.5061131715774536,-0.1650729477405548,0.7650613784790039,0.5350362658500671,-0.038554202765226364,0.7727753520011902,0.3370359241962433,-0.10161573439836502,0.7449682354927063,0.38740402460098267,-0.1446416676044464,0.748434841632843,0.4886322617530823,-0.16216304898262024,0.8247591257095337,0.5357629060745239,-0.05003108084201813,0.8310266733169556,0.3589085340499878,-0.08932116627693176,0.808221697807312,0.3906981348991394,-0.11453842371702194,0.812577486038208,0.4805031418800354,-0.1219053864479065,0.8882928490638733,0.554833710193634,-0.06875132024288177,0.8789070844650269,0.41198796033859253,-0.08889684081077576,0.8646658658981323,0.4071253538131714,-0.10284387320280075,0.8647489547729492,0.4616795778274536,-0.10888466984033585
F,0.8181622624397278,0.9278982281684875,4.254819074844818e-08,0.7273191809654236,0.8913283348083496,-0.026174528524279594,0.6605284810066223,0.7604833245277405,-0.040037982165813446,0.6425015926361084,0.6377074718475342,-0.05536259710788727,0.6444423198699951,0.5342823266983032,-0.0680728480219841,0.7134879231452942,0.6400899291038513,-0.0067207710817456245,0.6854277849197388,0.5744844079017639,-0.058366380631923676,0.6815040111541748,0.6509923934936523,-0.10256782174110413,0.6870815753936768,0.7251156568527222,-0.12508445978164673,0.7657433748245239,0.5980194211006165,-0.01738836243748665,0.7384470701217651,0.4528253972530365,-0.042284995317459106,0.7231376767158508,0.3521190285682678,-0.07010644674301147,0.7152196764945984,0.25317201018333435,-0.0919695571064949,0.8296009302139282,0.5981101989746094,-0.03745841234922409,0.8256858587265015,0.43645602464675903,-0.07307302206754684,0.8226338624954224,0.33039817214012146,-0.10376278311014175,0.819886326789856,0.23038801550865173,-0.12411689013242722,0.8992782831192017,0.6287654042243958,-0.05896419286727905,0.9407476186752319,0.5076044797897339,-0.08772506564855576,0.9735950231552124,0.43173420429229736,-0.09922191500663757,1.0011711120605469,0.357085257768631,-0.10717274248600006
G,0.7977597117424011,1.0125234127044678,-6.362165549944621e-07,0.7300266027450562,0.9256038069725037,-0.03391934558749199,0.7073306441307068,0.7478426098823547,-0.04335014149546623,0.7152259349822998,0.6130259037017822,-0.0548773817718029,0.6903910040855408,0.5160253047943115,-0.06586018949747086,0.7658149003982544,0.648815929889679,-0.023820606991648674,0.757522702217102,0.4835655093193054,-0.06406233459711075,0.7605918645858765,0.3878094553947449,-0.08378767967224121,0.7667503952980042,0.3038870096206665,-0.0979650542140007,0.8352875113487244,0.6623383164405823,-0.031479205936193466,0.7982491254806519,0.6344977021217346,-0.1107412576675415,0.7705001831054688,0.7690241932868958,-0.12231921404600143,0.7620126605033875,0.8619024753570557,-0.10937146842479706,0.8936859369277954,0.7072210907936096,-0.04576440155506134,0.8454310297966003,0.7099951505661011,-0.11672650277614594,0.8126253485679626,0.8304744958877563,-0.0988236740231514,0.8056085705757141,0.8989978432655334,-0.06692878156900406,0.9442129731178284,0.7693620920181274,-0.06399350613355637,0.8968052864074707,0.7702299356460571,-0.10476116836071014,0.8617501258850098,0.8399757146835327,-0.09249793738126755,0.8574005365371704,0.8749842643737793,-0.07216934114694595
A,0.7803402543067932,0.7674092650413513,-1.2501270703069167e-06,0.6738554835319519,0.7399150133132935,-0.0481620654463768,0.5665782690048218,0.6001484990119934,-0.060574598610401154,0.5256451964378357,0.4426066279411316,-0.07204219698905945,0.5590623617172241,0.3363931179046631,-0.0671967938542366,0.6243911981582642,0.4367927014827728,0.009396241046488285,0.6056731343269348,0.32899001240730286,-0.04531276971101761,0.6203747987747192,0.4707987308502197,-0.061158403754234314,0.6319559812545776,0.5107607841491699,-0.06317049264907837,0.6942927241325378,0.4258718192577362,0.013209513388574123,0.6779335141181946,0.3424900770187378,-0.041324540972709656,0.6812155246734619,0.5077358484268188,-0.03736617788672447,0.6845354437828064,0.5067530870437622,-0.0189797542989254,0.7633617520332336,0.4262847602367401,0.0020016138441860676,0.7504580020904541,0.3354177474975586,-0.05595729500055313,0.7448140978813171,0.4878615438938141,-0.023301512002944946,0.7516724467277527,0.5000727772712708,0.014944503083825111,0.8362953662872314,0.43172359466552734,-0.014792714267969131,0.8189186453819275,0.357028067111969,-0.04337182641029358,0.8054563403129578,0.4627612829208374,-0.018273888155817986,0.8119474053382874,0.4905785024166107,0.010184676386415958
B,0.819305956363678,0.9519901871681213,8.486097158311168e-07,0.7379796504974365,0.9002439975738525,-0.0399056114256382,0.6861274838447571,0.7677701711654663,-0.06272023171186447,0.7387751936912537,0.6597135663032532,-0.08355128020048141,0.8186839818954468,0.6482816338539124,-0.1061987355351448,0.6842714548110962,0.5902714133262634,-0.03889797255396843,0.6794887781143188,0.43838441371917725,-0.06953791528940201,0.683574914932251,0.3396337032318115,-0.0997018814086914,0.6905254125595093,0.2490321397781372,-0.12582293152809143,0.7404693365097046,0.5683362483978271,-0.04629955813288689,0.7315400838851929,0.3978797197341919,-0.06970775872468948,0.7330257892608643,0.2869374454021454,-0.09581403434276581,0.7336048483848572,0.18482747673988342,-0.11874581128358841,0.7960002422332764,0.5811184644699097,-0.05900951474905014,0.792674720287323,0.42541640996932983,-0.08043400198221207,0.7917400002479553,0.3240405023097992,-0.10408348590135574,0.7890955209732056,0.23105207085609436,-0.12430988997220993,0.8522114753723145,0.6199610233306885,-0.07708998769521713,0.8490524291992188,0.4980735182762146,-0.09851610660552979,0.8476179242134094,0.4169076681137085,-0.11300335824489594,0.8475109338760376,0.34369590878486633,-0.12637215852737427
C,0.8837907314300537,0.7984867691993713,-3.1775775255482586e-07,0.7546449899673462,0.7695403099060059,0.04819704219698906,0.658660888671875,0.7023542523384094,0.05662984028458595,0.5842058658599854,0.6806532144546509,0.0449826754629612,0.5150738954544067,0.6617567539215088,0.033776067197322845,0.7245582342147827,0.4970315098762512,0.09090171009302139,0.6592150926589966,0.39034080505371094,0.08237295597791672,0.592985987663269,0.37710878252983093,0.06802771240472794,0.5414377450942993,0.3920575976371765,0.05798403173685074,0.7450483441352844,0.48429179191589355,0.04324986785650253,0.6628386974334717,0.3492765426635742,0.03328320384025574,0.5810210108757019,0.35624179244041443,0.021485520526766777,0.5310155749320984,0.40266674757003784,0.014284081757068634,0.7506937384605408,0.5000389814376831,-0.008967527188360691,0.6678969860076904,0.3721389174461365,-0.017164841294288635,0.5835071802139282,0.378177285194397,-0.02029033936560154,0.5306180715560913,0.4175363779067993,-0.022296883165836334,0.7355486154556274,0.5398251414299011,-0.06003933772444725,0.6585573554039001,0.4474228620529175,-0.06376488506793976,0.5903353691101074,0.43066686391830444,-0.0628722682595253,0.5386403203010559,0.4397086799144745,-0.06322892010211945
D,0.8786133527755737,0.8996344208717346,-1.46858340599465e-07,0.7464103698730469,0.8513271808624268,0.047186970710754395,0.6569362282752991,0.7646644711494446,0.050181131809949875,0.5881776809692383,0.7211048007011414,0.03489445894956589,0.5266844630241394,0.6857643127441406,0.01700885035097599,0.7333512306213379,0.5618641376495361,0.042340103536844254,0.6913838386535645,0.4184122085571289,0.030082812532782555,0.6610321402549744,0.33831390738487244,0.017387989908456802,0.63972008228302,0.26354914903640747,0.00483409408479929,0.7610902786254883,0.559149444103241,-0.0021958528086543083,0.6247416138648987,0.4681030511856079,-0.022354358807206154,0.5443863868713379,0.5282306671142578,-0.03221346065402031,0.5222187638282776,0.5888852477073669,-0.03810163214802742,0.7655306458473206,0.5913906097412109,-0.04559021070599556,0.6285054683685303,0.5025280714035034,-0.061309605836868286,0.5540961027145386,0.5616525411605835,-0.05545879527926445,0.5335346460342407,0.61857008934021,-0.049772147089242935,0.7532983422279358,0.6436282992362976,-0.08655039221048355,0.6360381245613098,0.5679452419281006,-0.09637908637523651,0.5750818848609924,0.5887612700462341,-0.09023543447256088,0.5517022609710693,0.6266900300979614,-0.0838480144739151
E,0.7981923818588257,0.8996185064315796,-1.9934270767407725e-07,0.693391740322113,0.909177839756012,-0.05466214939951897,0.5906848311424255,0.8358794450759888,-0.09064409881830215,0.5571913123130798,0.758672833442688,-0.12838441133499146,0.6383570432662964,0.7402334213256836,-0.16085182130336761,0.6434030532836914,0.592803418636322,-0.03005594201385975,0.6430423855781555,0.4355200529098511,-0.08630109578371048,0.6198446750640869,0.46178603172302246,-0.13153159618377686,0.6255733966827393,0.5433189868927002,-0.15724289417266846,0.7046462297439575,0.5630499124526978,-0.03271029517054558,0.7087467908859253,0.3724882900714874,-0.09374476969242096,0.6788607239723206,0.41544240713119507,-0.136204332113266,0.6840062737464905,0.5125470161437988,-0.1536276489496231,0.7610827088356018,0.5606889128684998,-0.0447688028216362,0.7650594711303711,0.3903818726539612,-0.08283062279224396,0.7372004985809326,0.4165138006210327,-0.10603915899991989,0.7417016625404358,0.4990256130695343,-0.11211109906435013,0.821877121925354,0.5770921111106873,-0.06401146203279495,0.8118692636489868,0.43923383951187134,-0.08457616716623306,0.7915647029876709,0.42762356996536255,-0.09773474931716919,0.7887913584709167,0.47502410411834717,-0.10275296866893768
F,0.7278158068656921,0.9168557524681091,1.9238443371705216e-07,0.6535744071006775,0.8858405351638794,-0.031710367649793625,0.5983823537826538,0.7772329449653625,-0.05267699435353279,0.5890334248542786,0.671999454498291,-0.07401589304208755,0.6241058707237244,0.5852050185203552,-0.09424392879009247,0.6531466245651245,0.675548791885376,-0.016275912523269653,0.6354916095733643,0.6161441802978516,-0.06324077397584915,0.6345489025115967,0.6589399576187134,-0.10340940207242966,0.646233081817627,0.7022160291671753,-0.12555980682373047,0.7003996968269348,0.6377750039100647,-0.023572146892547607,0.6917906999588013,0.5026102066040039,-0.047005388885736465,0.6910951137542725,0.415488064289093,-0.07170156389474869,0.6983095407485962,0.3344169855117798,-0.09152165055274963,0.7540074586868286,0.6377435922622681,-0.03983026370406151,0.7591495513916016,0.48927703499794006,-0.07316569238901138,0.7655847668647766,0.39318010210990906,-0.10267085582017899,0.7718951106071472,0.30352669954299927,-0.12261759489774704,0.8109554052352905,0.6629900336265564,-0.05795169621706009,0.8443353176116943,0.5512968301773071,-0.08580001443624496,0.8732719421386719,0.4792998731136322,-0.10035734623670578,0.8961162567138672,0.4082455635070801,-0.11132027953863144
G,0.7386603355407715,1.0444239377975464,-6.87606075189251e-07,0.6785773634910583,0.9616492986679077,-0.014647901989519596,0.6584084033966064,0.8111487627029419,-0.018980802968144417,0.6757310032844543,0.6924665570259094,-0.0304424986243248,0.666160523891449,0.5985428094863892,-0.043289609253406525,0.7122606635093689,0.730312705039978,-0.0003827313194051385,0.6999413371086121,0.5777927041053772,-0.03415321186184883,0.6988294720649719,0.48990747332572937,-0.05165841057896614,0.7007325291633606,0.41224515438079834,-0.06352006644010544,0.7649141550064087,0.7452151775360107,-0.017187103629112244,0.7093498110771179,0.6884485483169556,-0.09269868582487106,0.6872602105140686,0.8154809474945068,-0.10706760734319687,0.6875091791152954,0.9111899137496948,-0.09567783027887344,0.8153461217880249,0.7788354158401489,-0.03931598365306854,0.7576969861984253,0.7372106313705444,-0.11025083810091019,0.7373140454292297,0.8620442748069763,-0.09401459246873856,0.7397007942199707,0.9427943825721741,-0.0609382726252079,0.8665803074836731,0.824433445930481,-0.06306609511375427,0.8185921311378479,0.7592291831970215,-0.10445461422204971,0.7900670766830444,0.8289528489112854,-0.08821485936641693,0.7888705730438232,0.8804532885551453,-0.0639152079820633
H,0.7254030704498291,0.9956868290901184,3.471375578101288e-07,0.7726074457168579,0.8863514065742493,-0.007647712714970112,0.7778946161270142,0.737754225730896,-0.032495610415935516,0.7479590773582458,0.6042042970657349,-0.05499129369854927,0.7404510974884033,0.5014677047729492,-0.07882358133792877,0.8180703520774841,0.7150655388832092,-0.09135749936103821,0.7930055856704712,0.5171574950218201,-0.13095830380916595,0.7869627475738525,0.4121001660823822,-0.1463305801153183,0.7828061580657959,0.3261648714542389,-0.15366917848587036,0.761053740978241,0.7512727379798889,-0.10466745495796204,0.6838246583938599,0.5403984785079956,-0.14534397423267365,0.6363133192062378,0.43092235922813416,-0.15450070798397064,0.6003968715667725,0.34929847717285156,-0.16090311110019684,0.6943512558937073,0.7847776412963867,-0.1121649369597435,0.6226716041564941,0.6214967370033264,-0.14460423588752747,0.6322962045669556,0.6778926849365234,-0.1179727092385292,0.6489406228065491,0.7311581969261169,-0.09282242506742477,0.6284506916999817,0.8133454918861389,-0.11922746151685715,0.5861218571662903,0.6753802299499512,-0.1362466663122177,0.5971260070800781,0.7196516990661621,-0.10908787697553635,0.6102676391601562,0.7638311386108398,-0.08372317999601364
I,0.7337484359741211,0.8905242681503296,-5.049392939326935e-07,0.66550213098526,0.8697437047958374,-0.04493270814418793,0.5910777449607849,0.7867957949638367,-0.07449646294116974,0.5742772817611694,0.7073944807052612,-0.10237982124090195,0.6375410556793213,0.673943042755127,-0.12006884068250656,0.6102781891822815,0.5900899171829224,-0.04289050027728081,0.608048677444458,0.481918603181839,-0.08767487853765488,0.6088960766792297,0.5837717056274414,-0.10609658807516098,0.6110121011734009,0.6506837010383606,-0.11438586562871933,0.6793673038482666,0.5798029899597168,-0.041993338614702225,0.6895154714584351,0.4739917516708374,-0.10400714725255966,0.6701743006706238,0.5944611430168152,-0.11908086389303207,0.6550777554512024,0.6674497127532959,-0.11542226374149323,0.7438737154006958,0.5908268690109253,-0.04853055626153946,0.760665237903595,0.49283742904663086,-0.10514998435974121,0.724485456943512,0.5963141322135925,-0.10800883919000626,0.69170743227005,0.6693496108055115,-0.0952356681227684,0.7990238666534424,0.6203633546829224,-0.05847363919019699,0.8401674628257751,0.5203617811203003,-0.10214749723672867,0.8736149072647095,0.4552212953567505,-0.12142642587423325,0.9035225510597229,0.382807195186615,-0.12687347829341888
L,0.8286240696907043,0.9284781217575073,-3.429275921007502e-07,0.7228018641471863,0.880913496017456,-0.02895844355225563,0.613193690776825,0.7795827984809875,-0.05453063175082207,0.5169200897216797,0.7287943363189697,-0.08664080500602722,0.44499850273132324,0.7043485641479492,-0.11898921430110931,0.6877166628837585,0.5616872906684875,-0.019695788621902466,0.6628454923629761,0.40064701437950134,-0.06160929799079895,0.6470403075218201,0.29895535111427307,-0.07956033945083618,0.6379794478416443,0.21427270770072937,-0.09253909438848495,0.7534434795379639,0.5594539642333984,-0.033708203583955765,0.7017664909362793,0.5167054533958435,-0.09854374825954437,0.7055967450141907,0.6672873497009277,-0.09254670143127441,0.734313428401947,0.703087329864502,-0.07135313004255295,0.8217374086380005,0.5819159150123596,-0.05576067045331001,0.7721381783485413,0.562073290348053,-0.12143116444349289,0.7656243443489075,0.7007173299789429,-0.08767648041248322,0.7866425514221191,0.7228996753692627,-0.04778219386935234,0.8887193202972412,0.6209182739257812,-0.08136174082756042,0.8418830037117004,0.5946775674819946,-0.11553869396448135,0.8168966174125671,0.6975200176239014,-0.08684750646352768,0.8254503011703491,0.7290209531784058,-0.05675668641924858
M,0.8168783783912659,0.35503754019737244,-4.3563753138187167e-07,0.7083197832107544,0.37830257415771484,-0.02200212888419628,0.6344981789588928,0.4727995991706848,-0.06398230791091919,0.6166860461235046,0.6001691222190857,-0.10010359436273575,0.6199731826782227,0.6990101337432861,-0.14392295479774475,0.6031055450439453,0.39866527915000916,-0.14164593815803528,0.595393717288971,0.6185542941093445,-0.18682317435741425,0.6015574932098389,0.7408779859542847,-0.20414268970489502,0.6085426807403564,0.8317242860794067,-0.21511109173297882,0.6805288791656494,0.3847472667694092,-0.15367953479290009,0.665726900100708,0.6277589201927185,-0.2074766457080841,0.6684595942497253,0.7715352773666382,-0.2288963794708252,0.6720813512802124,0.8773851990699768,-0.24869175255298615,0.7550589442253113,0.39817696809768677,-0.15846368670463562,0.7324571013450623,0.6324989795684814,-0.20895802974700928,0.7158840298652649,0.764676034450531,-0.22328101098537445,0.7104282975196838,0.8528215885162354,-0.23318389058113098,0.813335657119751,0.42800024151802063,-0.15971960127353668,0.7692438364028931,0.6059340238571167,-0.19961167871952057,0.7384608387947083,0.6875643134117126,-0.20812830328941345,0.7171772122383118,0.734126091003418,-0.21429283916950226
N,0.8109659552574158,0.2412451207637787,-1.1124100751658261e-07,0.701793372631073,0.27798038721084595,-0.012409099377691746,0.6320288777351379,0.38545483350753784,-0.04699912294745445,0.6229052543640137,0.5136525630950928,-0.07888533174991608,0.6382062435150146,0.6082919836044312,-0.11707745492458344,0.5988126993179321,0.40024077892303467,-0.1145285815000534,0.6084821224212646,0.6213105320930481,-0.1578572541475296,0.6175692081451416,0.7459052801132202,-0.1850423365831375,0.6210559010505676,0.8444379568099976,-0.2041734755039215,0.6686078310012817,0.3914432227611542,-0.13012829422950745,0.6765463948249817,0.6292848587036133,-0.173481747508049,0.6766745448112488,0.7817147970199585,-0.1928360015153885,0.6802822351455688,0.9050158262252808,-0.21149945259094238,0.7452354431152344,0.38851398229599,-0.13804054260253906,0.7543617486953735,0.6003942489624023,-0.17228029668331146,0.7508239150047302,0.5581104755401611,-0.16006605327129364,0.7479122281074524,0.498124361038208,-0.15038494765758514,0.8109127879142761,0.39562392234802246,-0.14505024254322052,0.8013359308242798,0.5615434646606445,-0.17066633701324463,0.7943102121353149,0.5321509838104248,-0.15407180786132812,0.7832523584365845,0.477547824382782,-0.13955605030059814
O,0.8921444416046143,0.6740768551826477,-8.905489607968775e-07,0.7580801844596863,0.6610733270645142,0.03248972445726395,0.6625873446464539,0.6120393872261047,0.03262532874941826,0.5975377559661865,0.5971194505691528,0.013972035609185696,0.5587738156318665,0.5624091625213623,-0.002490492770448327,0.707604706287384,0.412985622882843,0.05788834020495415,0.6091846823692322,0.3477051258087158,0.025982273742556572,0.5598120093345642,0.42709672451019287,-0.0022093229927122593,0.5639675259590149,0.49920904636383057,-0.01792273484170437,0.7306213974952698,0.3939482271671295,0.01652449183166027,0.607665479183197,0.3213199973106384,-0.012758041732013226,0.5486520528793335,0.4180508255958557,-0.03603993356227875,0.555982232093811,0.4943949580192566,-0.048831820487976074,0.7455734610557556,0.4042748808860779,-0.0297357439994812,0.6242048144340515,0.32397595047950745,-0.05395026504993439,0.556814968585968,0.4149585962295532,-0.06528504192829132,0.5540652275085449,0.49410367012023926,-0.07017263025045395,0.7455084919929504,0.44459426403045654,-0.0749729573726654,0.6438266634941101,0.37555259466171265,-0.09060303866863251,0.5824365615844727,0.42280668020248413,-0.09272517263889313,0.5676238536834717,0.4833669364452362,-0.09261755645275116
P,0.9486829042434692,0.40478524565696716,-5.541425025512581e-07,0.8273467421531677,0.4036315381526947,-0.00199448992498219,0.7105116844177246,0.4610845148563385,-0.026603618636727333,0.622864842414856,0.5433989763259888,-0.05410357564687729,0.5449143052101135,0.5935156345367432,-0.08610241860151291,0.6365495920181274,0.3979561924934387,-0.059652023017406464,0.5266923308372498,0.5193362832069397,-0.09732664376497269,0.4573900103569031,0.5718172788619995,-0.11993636190891266,0.39167046546936035,0.6110518574714661,-0.13813970983028412,0.6765537858009338,0.4014262557029724,-0.07942105084657669,0.631959080696106,0.6243758797645569,-0.12444163858890533,0.6196801662445068,0.7609935402870178,-0.13587146997451782,0.6047717332839966,0.8604158163070679,-0.1460609883069992,0.7373266816139221,0.431448757648468,-0.09640699625015259,0.7212865352630615,0.6468607187271118,-0.12752923369407654,0.7626236081123352,0.6362383365631104,-0.10877619683742523,0.7857070565223694,0.5938020348548889,-0.09699300676584244,0.7991970181465149,0.4737020432949066,-0.11394425481557846,0.7778814435005188,0.644474446773529,-0.1341848373413086,0.8036327958106995,0.6393885612487793,-0.11929549276828766,0.8155660629272461,0.5966228246688843,-0.10693281143903732
Q,0.8407703638076782,0.20960402488708496,1.8075363072966866e-07,0.7370717525482178,0.26327651739120483,-0.018836136907339096,0.6610146760940552,0.4036725163459778,-0.04975094646215439,0.6358944773674011,0.5321600437164307,-0.07246521860361099,0.6040663123130798,0.6219968199729919,-0.09901612251996994,0.6754491329193115,0.3976268470287323,-0.13431721925735474,0.6783484816551208,0.6420860886573792,-0.1745075285434723,0.6745893955230713,0.7779561877250671,-0.18809334933757782,0.6750545501708984,0.884389340877533,-0.1963963359594345,0.7646561861038208,0.3895012438297272,-0.14533631503582,0.7599069476127625,0.6514301300048828,-0.18994931876659393,0.7421010136604309,0.6202918887138367,-0.18375247716903687,0.7369252443313599,0.5460008382797241,-0.17600633203983307,0.8480550050735474,0.3830595910549164,-0.14940910041332245,0.8266292214393616,0.6147370338439941,-0.1835918426513672,0.8113245368003845,0.5672765970230103,-0.15019777417182922,0.8101536631584167,0.4962698817253113,-0.12350885570049286,0.9231768846511841,0.3842490315437317,-0.15317288041114807,0.8894292712211609,0.5779247283935547,-0.17639891803264618,0.8703451156616211,0.5429912209510803,-0.15013152360916138,0.8686431646347046,0.48612701892852783,-0.12834329903125763
R,0.7977893352508545,0.9912865161895752,9.647130809753435e-07,0.7225979566574097,0.9395319819450378,-0.035986702889204025,0.6642141342163086,0.8314886689186096,-0.06442301720380783,0.7068336606025696,0.7381614446640015,-0.09506303817033768,0.780581533908844,0.6803256869316101,-0.12314599752426147,0.698032796382904,0.6380087733268738,-0.04991510882973671,0.7206960916519165,0.4988911747932434,-0.10224780440330505,0.7453497052192688,0.4075324535369873,-0.1359669715166092,0.7707983255386353,0.32351309061050415,-0.15558795630931854,0.7655540108680725,0.6215720176696777,-0.06281628459692001,0.7482710480690002,0.4499821662902832,-0.11650630086660385,0.7421791553497314,0.33368659019470215,-0.1472969651222229,0.7426691651344299,0.2274385690689087,-0.15965811908245087,0.8349634408950806,0.6456590294837952,-0.07878893613815308,0.8086144924163818,0.6676074862480164,-0.1389285922050476,0.7662683725357056,0.7845311164855957,-0.1419413685798645,0.7361113429069519,0.8638880252838135,-0.12484809756278992,0.8949548602104187,0.6986818313598633,-0.09879539906978607,0.845038115978241,0.7620909214019775,-0.1376730054616928,0.7998854517936707,0.8418647050857544,-0.13124223053455353,0.7690823078155518,0.8907006978988647,-0.1147552952170372
S,0.8186675310134888,0.8728519678115845,-8.56407666560699e-07,0.739719569683075,0.8094460368156433,-0.02395133301615715,0.6773675084114075,0.6672301292419434,-0.0354292206466198,0.7186619639396667,0.5528692603111267,-0.05051802843809128,0.8054812550544739,0.5393002033233643,-0.0571729876101017,0.7055565714836121,0.5622120499610901,-0.0007563706603832543,0.6697196364402771,0.4582149088382721,-0.05313219130039215,0.6876412630081177,0.5714231729507446,-0.07564117014408112,0.7118570804595947,0.60899817943573,-0.0845082700252533,0.7684409022331238,0.5512435436248779,-0.011470254510641098,0.7368892431259155,0.4453108608722687,-0.06375444680452347,0.7440268993377686,0.574652910232544,-0.061561085283756256,0.7654780149459839,0.5963890552520752,-0.04416261613368988,0.8313167095184326,0.561370849609375,-0.03251676633954048,0.8073451519012451,0.46631288528442383,-0.08112307637929916,0.8013687133789062,0.5927122831344604,-0.054218657314777374,0.8182014226913452,0.616214394569397,-0.0207364484667778,0.8977682590484619,0.5856720805168152,-0.05752410367131233,0.866159975528717,0.5126532316207886,-0.08032697439193726,0.8525709509849548,0.5987846851348877,-0.057907771319150925,0.8649864196777344,0.6301084160804749,-0.0334215946495533
U,0.8073435425758362,1.004765272140503,1.1508295756357256e-06,0.7376201152801514,0.9456261396408081,-0.054995179176330566,0.6941345930099487,0.832822859287262,-0.09241264313459396,0.7612602114677429,0.7610694766044617,-0.12943091988563538,0.8456870913505554,0.7227275371551514,-0.16235150396823883,0.7252383828163147,0.6277347803115845,-0.0758071020245552,0.7240221500396729,0.45104461908340454,-0.1372704803943634,0.7307877540588379,0.33721330761909485,-0.17357240617275238,0.7414146661758423,0.23778963088989258,-0.19564270973205566,0.798882007598877,0.6177037954330444,-0.0844431146979332,0.7919591665267944,0.429799348115921,-0.14440307021141052,0.7932578921318054,0.3043927848339081,-0.17584581673145294,0.8036177754402161,0.18461212515830994,-0.18967925012111664,0.8683651089668274,0.6570329666137695,-0.09842771291732788,0.8585700988769531,0.6584652662277222,-0.15798842906951904,0.8230298161506653,0.758392333984375,-0.15668001770973206,0.8047369122505188,0.8054988980293274,-0.1386868953704834,0.9240835309028625,0.7251220941543579,-0.11943499743938446,0.8994262218475342,0.7518743872642517,-0.1559962034225464,0.8612784147262573,0.8131482601165771,-0.147854745388031,0.840333878993988,0.835726261138916,-0.13230857253074646
V,0.36588507890701294,0.6893433332443237,9.605300874682143e-07,0.3140261471271515,0.6636890172958374,-0.036006420850753784,0.27855807542800903,0.6137896180152893,-0.06681473553180695,0.3008829653263092,0.5731891393661499,-0.09682387113571167,0.34503722190856934,0.5432705283164978,-0.1245298683643341,0.2999306321144104,0.4651208519935608,-0.06696231663227081,0.2715357542037964,0.3488616645336151,-0.10877455770969391,0.25650134682655334,0.27698206901550293,-0.1285019814968109,0.2467326819896698,0.21355518698692322,-0.13859862089157104,0.3531695008277893,0.4567512273788452,-0.07363462448120117,0.3674888014793396,0.3365183472633362,-0.11873791366815567,0.3848806619644165,0.2575949430465698,-0.13771367073059082,0.40034496784210205,0.18703234195709229,-0.1424708068370819,0.39601024985313416,0.4824660122394562,-0.08209367841482162,0.3819850981235504,0.5201811790466309,-0.13071541488170624,0.35406869649887085,0.5953303575515747,-0.13294589519500732,0.33668819069862366,0.6413204669952393,-0.11957461386919022,0.42814454436302185,0.5269147157669067,-0.09342025220394135,0.4042365849018097,0.5762375593185425,-0.12253957986831665,0.37568652629852295,0.6311475038528442,-0.1156778410077095,0.35556095838546753,0.6665855646133423,-0.10194549709558487
L,0.33017832040786743,0.5644086599349976,-1.6345570941211918e-07,0.2616949677467346,0.5592137575149536,-0.028169875964522362,0.18961963057518005,0.5173286199569702,-0.050711020827293396,0.1263321340084076,0.4955349862575531,-0.07377465814352036,0.07480692863464355,0.48885467648506165,-0.0973745658993721,0.22414617240428925,0.3730064928531647,-0.04200395196676254,0.19662541151046753,0.2703167796134949,-0.07648244500160217,0.17956873774528503,0.1980578601360321,-0.09796217083930969,0.16777634620666504,0.13711801171302795,-0.1135050356388092,0.26866286993026733,0.3488958477973938,-0.04491262882947922,0.2608247995376587,0.3631696105003357,-0.09043015539646149,0.26711219549179077,0.4392944574356079,-0.0946987196803093,0.27476266026496887,0.4683416485786438,-0.08906586468219757,0.31476351618766785,0.3522992432117462,-0.05150716006755829,0.3035006523132324,0.38281145691871643,-0.0889592170715332,0.3028355836868286,0.44725802540779114,-0.0737018957734108,0.30627673864364624,0.4617688059806824,-0.056215185672044754,0.3575177788734436,0.36983615159988403,-0.06144573539495468,0.34473633766174316,0.4023415744304657,-0.08054444938898087,0.3373855948448181,0.4514908194541931,-0.0676257535815239,0.33876949548721313,0.4591841697692871,-0.053644631057977676
T,0.357384592294693,0.64842289686203,2.2412599776089337e-07,0.3027469217777252,0.6042580008506775,-0.012558024376630783,0.2741840183734894,0.5213709473609924,-0.021313246339559555,0.2814779579639435,0.45043620467185974,-0.03305765986442566,0.2757493853569031,0.39064478874206543,-0.045078158378601074,0.2937636077404022,0.4268207848072052,-0.00042297469917684793,0.273785799741745,0.3807080388069153,-0.0304325632750988,0.25927111506462097,0.3818782567977905,-0.057513464242219925,0.25019675493240356,0.391361802816391,-0.07346829771995544,0.32237887382507324,0.40330952405929565,-0.014283236116170883,0.2952359914779663,0.29296040534973145,-0.03463413566350937,0.28053873777389526,0.21893945336341858,-0.05770224332809448,0.2701435685157776,0.15138950943946838,-0.07458167523145676,0.3603818416595459,0.4081662595272064,-0.03334907814860344,0.3661457896232605,0.2873634397983551,-0.0638548955321312,0.3692684471607208,0.21808424592018127,-0.09080465883016586,0.36934441328048706,0.15599071979522705,-0.10853158682584763,0.40372636914253235,0.43679195642471313,-0.05290326103568077,0.44628995656967163,0.3595263957977295,-0.08131103217601776,0.4770776331424713,0.30738240480422974,-0.09664949029684067,0.49945777654647827,0.25828438997268677,-0.10707662254571915
F,0.3641985058784485,0.5948365330696106,1.3697209055862913e-07,0.30625420808792114,0.5590201020240784,-0.01448697131127119,0.2689145803451538,0.46793830394744873,-0.021797332912683487,0.2552388608455658,0.3881092071533203,-0.03146875277161598,0.24407458305358887,0.3217231333255768,-0.041272297501564026,0.3020782470703125,0.3941461145877838,-0.00043249985901638865,0.27987051010131836,0.3551941514015198,-0.03575912490487099,0.2699732780456543,0.3715367019176483,-0.06665827333927155,0.2663072645664215,0.39275142550468445,-0.08301109075546265,0.33841031789779663,0.3636336028575897,-0.01142533216625452,0.3218767046928406,0.24894890189170837,-0.028276758268475533,0.31537845730781555,0.17627328634262085,-0.046498022973537445,0.3125184178352356,0.11144506931304932,-0.0594690702855587,0.3825746774673462,0.3636869192123413,-0.028765853494405746,0.3905632197856903,0.25080767273902893,-0.054781749844551086,0.39766359329223633,0.17871426045894623,-0.07628273218870163,0.40008071064949036,0.11352187395095825,-0.08934950083494186,0.42901772260665894,0.39037618041038513,-0.04696613922715187,0.46485635638237,0.31542113423347473,-0.06970962882041931,0.4907510578632355,0.26738065481185913,-0.07821895182132721,0.5090571641921997,0.22311392426490784,-0.08307071030139923
A,0.5206550359725952,0.6208624839782715,-7.347995278905728e-07,0.4561801254749298,0.5990182757377625,-0.030164500698447227,0.39677175879478455,0.5118316411972046,-0.038523804396390915,0.3786971867084503,0.4138723909854889,-0.046006906777620316,0.3976510167121887,0.34683701395988464,-0.044556327164173126,0.4238125681877136,0.41872236132621765,0.00532588642090559,0.4216562509536743,0.36798766255378723,-0.030623218044638634,0.4312596917152405,0.4479604661464691,-0.04323595017194748,0.43504324555397034,0.4723494052886963,-0.04690180718898773,0.46790811419487,0.4072825610637665,0.0060338955372571945,0.4657626748085022,0.3748471438884735,-0.030490970239043236,0.46974658966064453,0.4730609357357025,-0.03029724210500717,0.46849384903907776,0.47577357292175293,-0.020581452175974846,0.5121738910675049,0.4096244275569916,-0.0028151993174105883,0.5136620402336121,0.37338700890541077,-0.041203271597623825,0.5097745656967163,0.4619123637676239,-0.023694811388850212,0.5065822601318359,0.4672388434410095,-0.002254149876534939,0.5576774477958679,0.4196015000343323,-0.015118567273020744,0.5533432960510254,0.4010797142982483,-0.03579557314515114,0.5440446734428406,0.46570584177970886,-0.023460516706109047,0.5397469997406006,0.4754391610622406,-0.00848971214145422
E,0.4527515172958374,0.6474790573120117,-2.3350411026967777e-07,0.38747772574424744,0.6240560412406921,-0.027293603867292404,0.33123886585235596,0.5665640234947205,-0.0524158701300621,0.33515074849128723,0.5237966179847717,-0.08069683611392975,0.38644522428512573,0.5241332650184631,-0.10708171129226685,0.37668728828430176,0.4018767774105072,-0.024814670905470848,0.3804664611816406,0.2816563546657562,-0.06768421083688736,0.3641695976257324,0.30727076530456543,-0.09974323213100433,0.3621358871459961,0.36413437128067017,-0.11643312126398087,0.42457711696624756,0.38934069871902466,-0.03382308408617973,0.4343227744102478,0.24303460121154785,-0.07527776807546616,0.4165596067905426,0.27349135279655457,-0.09993187338113785,0.4129287302494049,0.33473432064056396,-0.10856228321790695,0.46811404824256897,0.3946254849433899,-0.04827158898115158,0.4758381247520447,0.26690322160720825,-0.07556165009737015,0.46068134903907776,0.29129430651664734,-0.0869906023144722,0.45732802152633667,0.34412282705307007,-0.08856417238712311,0.5124879479408264,0.4160463511943817,-0.06644163280725479,0.5149969458580017,0.3145875930786133,-0.07871113717556,0.5025296807289124,0.31460079550743103,-0.0805499255657196,0.4969502091407776,0.34308838844299316,-0.07944788783788681
E,0.5379803776741028,0.6861145496368408,-2.6450976520209224e-07,0.4843641519546509,0.6800240278244019,-0.030888782814145088,0.43356388807296753,0.6553055047988892,-0.059450872242450714,0.414057195186615,0.6308517456054688,-0.09049805253744125,0.4418940842151642,0.6216521263122559,-0.11878478527069092,0.4550047218799591,0.4956338405609131,-0.030580302700400352,0.45038166642189026,0.39215075969696045,-0.07358232140541077,0.44477030634880066,0.44406458735466003,-0.10097131133079529,0.4467545747756958,0.4947098195552826,-0.11421114206314087,0.4982643723487854,0.48101484775543213,-0.03705843165516853,0.4942808449268341,0.35535821318626404,-0.07870648801326752,0.48799261450767517,0.41332224011421204,-0.09712406247854233,0.4889891445636749,0.4595412611961365,-0.10126844048500061,0.5389878749847412,0.48421549797058105,-0.04909154400229454,0.5374771356582642,0.3734266757965088,-0.08205423504114151,0.5321033000946045,0.42768391966819763,-0.08425246924161911,0.5328172445297241,0.4759849011898041,-0.07757241278886795,0.580052375793457,0.5018291473388672,-0.06436064094305038,0.579133927822113,0.41621896624565125,-0.08003467321395874,0.5729048252105713,0.44304001331329346,-0.07587779313325882,0.5726648569107056,0.4763137996196747,-0.06916636228561401
E,0.5118474364280701,0.6437058448791504,-2.2738696259239077e-07,0.45138779282569885,0.6364701390266418,-0.03374489024281502,0.3947691321372986,0.6138455867767334,-0.06701215356588364,0.3829043209552765,0.5872982144355774,-0.10289885103702545,0.42524099349975586,0.5779098868370056,-0.1358078420162201,0.4169796407222748,0.4431733191013336,-0.038531217724084854,0.41023725271224976,0.32506000995635986,-0.08779064565896988,0.40648478269577026,0.3727511763572693,-0.1181933656334877,0.4105857312679291,0.42852047085762024,-0.13229826092720032,0.4623224437236786,0.42333272099494934,-0.04621462896466255,0.4528668224811554,0.27880895137786865,-0.09357117861509323,0.44910016655921936,0.33786359429359436,-0.11094150692224503,0.45195046067237854,0.39433351159095764,-0.11227943748235703,0.5068936944007874,0.4224916994571686,-0.06010233610868454,0.5029423832893372,0.2967865467071533,-0.09614395350217819,0.5007233619689941,0.3547309339046478,-0.09537819027900696,0.5028265118598938,0.409409761428833,-0.08494588732719421,0.5528691411018372,0.43734338879585266,-0.07792024314403534,0.5508087277412415,0.3409937024116516,-0.09445600211620331,0.5442913174629211,0.3657083809375763,-0.08855763077735901,0.5421635508537292,0.3992801904678345,-0.07967673987150192
F,0.5040668845176697,0.5822899341583252,2.596826789158513e-07,0.45049524307250977,0.5687873363494873,-0.027648987248539925,0.41191837191581726,0.4905353784561157,-0.042718417942523956,0.38855311274528503,0.42136532068252563,-0.05654202029109001,0.3580690026283264,0.3814622461795807,-0.0712188258767128,0.4454910457134247,0.4187024235725403,-0.02882205694913864,0.42654597759246826,0.3962562382221222,-0.06880016624927521,0.42308223247528076,0.41984638571739197,-0.09924357384443283,0.4278615117073059,0.4472302794456482,-0.1153564453125,0.4808568060398102,0.3873153030872345,-0.034547705203294754,0.4668280780315399,0.2832721471786499,-0.0583193264901638,0.4604218006134033,0.2122555524110794,-0.07797259837388992,0.4600714147090912,0.14300969243049622,-0.09214343130588531,0.5227004885673523,0.38666579127311707,-0.046178292483091354,0.531183660030365,0.27677178382873535,-0.08031176775693893,0.5339491963386536,0.2053404599428177,-0.1062791496515274,0.5346013903617859,0.13918939232826233,-0.1220545694231987,0.5669060945510864,0.4115893840789795,-0.05869220197200775,0.610177755355835,0.34053367376327515,-0.0899384394288063,0.6396571397781372,0.294740229845047,-0.10464823246002197,0.6623525023460388,0.2503085732460022,-0.11386890709400177
F,0.5127021670341492,0.5880460143089294,2.067358195745328e-07,0.4598924517631531,0.5705430507659912,-0.030829673632979393,0.4245898127555847,0.49063363671302795,-0.04927162453532219,0.40164661407470703,0.4212705194950104,-0.06648650020360947,0.3708133101463318,0.3767737150192261,-0.084382064640522,0.46180108189582825,0.4158473014831543,-0.02978406846523285,0.4442579746246338,0.3860345482826233,-0.07435387372970581,0.44155770540237427,0.4181588888168335,-0.10961490124464035,0.4468398094177246,0.45598578453063965,-0.12821750342845917,0.4979268014431,0.3848159611225128,-0.03423424810171127,0.48579826951026917,0.28238344192504883,-0.058572035282850266,0.47982046008110046,0.2128540277481079,-0.08085750043392181,0.4795909523963928,0.1450170874595642,-0.0975605919957161,0.5398448705673218,0.3861362636089325,-0.04512982815504074,0.5506344437599182,0.2757619619369507,-0.07780200242996216,0.5552356839179993,0.20477350056171417,-0.10296644270420074,0.5573526620864868,0.1383887529373169,-0.11880139261484146,0.5827922224998474,0.41351959109306335,-0.057464469224214554,0.626134991645813,0.3408014476299286,-0.08564356714487076,0.6549416780471802,0.29470258951187134,-0.09776676446199417,0.6770806908607483,0.24949361383914948,-0.10555598139762878
T,0.5169968605041504,0.6184614896774292,1.4969093342642736e-07,0.47064268589019775,0.5803738832473755,-0.016386186704039574,0.45215460658073425,0.49424758553504944,-0.030366908758878708,0.4863698482513428,0.43132492899894714,-0.04647160694003105,0.5357345342636108,0.3955437242984772,-0.06309715658426285,0.46766066551208496,0.41779807209968567,-0.013244477100670338,0.4462927281856537,0.3910660147666931,-0.05048271268606186,0.42752933502197266,0.41555672883987427,-0.08068906515836716,0.422325074672699,0.4446459114551544,-0.09706846624612808,0.49998757243156433,0.3881795406341553,-0.025809116661548615,0.481708824634552,0.27805355191230774,-0.04518522694706917,0.4716712236404419,0.20240360498428345,-0.0614645816385746,0.46785968542099,0.13075733184814453,-0.07377275824546814,0.5403380990028381,0.391125351190567,-0.04427804797887802,0.5562842488288879,0.2694503664970398,-0.07240650057792664,0.5657632946968079,0.20385512709617615,-0.09393388777971268,0.5701167583465576,0.14531615376472473,-0.10774780064821243,0.5824459195137024,0.41949835419654846,-0.06370829790830612,0.6262905597686768,0.3461868166923523,-0.08829855173826218,0.6573472619056702,0.2983110547065735,-0.09885503351688385,0.680381178855896,0.25330114364624023,-0.10584814101457596
T,0.5083338022232056,0.5993716716766357,1.4393785363608913e-07,0.460717111825943,0.5689102411270142,-0.01545758731663227,0.4356432259082794,0.4875638484954834,-0.027441253885626793,0.46706661581993103,0.4262324571609497,-0.04114095866680145,0.5169650316238403,0.3955197036266327,-0.05526147782802582,0.454206645488739,0.40716657042503357,-0.014545018784701824,0.435441792011261,0.3788507580757141,-0.04973761364817619,0.42239925265312195,0.4064238965511322,-0.07884202897548676,0.42114025354385376,0.43610942363739014,-0.09535650163888931,0.4860721826553345,0.37560829520225525,-0.02618546411395073,0.4662908911705017,0.2691938281059265,-0.04704079404473305,0.45571520924568176,0.19409193098545074,-0.065314382314682,0.45088696479797363,0.12108263373374939,-0.07925326377153397,0.526776909828186,0.37679535150527954,-0.0430462546646595,0.537533164024353,0.25602269172668457,-0.07219215482473373,0.5427107810974121,0.1885768175125122,-0.09612271189689636,0.5445711612701416,0.12780660390853882,-0.11163222044706345,0.5711694955825806,0.4035465717315674,-0.060497161000967026,0.6148484349250793,0.32854610681533813,-0.08505427837371826,0.6445901989936829,0.2820371985435486,-0.0969160869717598,0.6678342223167419,0.23937231302261353,-0.10519056022167206
B,0.6115013360977173,0.6487151384353638,6.64564765884279e-07,0.5472832918167114,0.6144247055053711,-0.039135124534368515,0.5111256837844849,0.5386576652526855,-0.06404358148574829,0.553317129611969,0.4831449091434479,-0.08585526794195175,0.6145074367523193,0.4790686368942261,-0.10926896333694458,0.5341771245002747,0.39879560470581055,-0.049101654440164566,0.5290836095809937,0.2854852080345154,-0.07952592521905899,0.5303042531013489,0.21162746846675873,-0.10523142665624619,0.5333307981491089,0.14513975381851196,-0.12539152801036835,0.5776300430297852,0.3803575336933136,-0.05195913091301918,0.5730602741241455,0.2518075108528137,-0.07793786376714706,0.5704043507575989,0.16888993978500366,-0.10188552737236023,0.5662264227867126,0.09400659799575806,-0.12055499106645584,0.6186612248420715,0.38761016726493835,-0.058585308492183685,0.6208769083023071,0.2670750916004181,-0.08131825178861618,0.6182708740234375,0.1889725923538208,-0.10217387974262238,0.6135942935943604,0.12067869305610657,-0.11800628155469894,0.6599480509757996,0.4152955114841461,-0.06933646649122238,0.6691404581069946,0.32139113545417786,-0.08898515999317169,0.6739100217819214,0.25902020931243896,-0.10090702772140503,0.6770959496498108,0.20318692922592163,-0.11054681241512299
B,0.5893792510032654,0.6194300651550293,6.639382377215952e-07,0.5292550325393677,0.5796919465065002,-0.03624558076262474,0.49679356813430786,0.5052903890609741,-0.060647767037153244,0.5362545847892761,0.44499728083610535,-0.08240093290805817,0.5928269028663635,0.4327477812767029,-0.10520804673433304,0.5089688301086426,0.36778298020362854,-0.04630323499441147,0.5018840432167053,0.25301042199134827,-0.07692255079746246,0.5023703575134277,0.17963232100009918,-0.1024586409330368,0.5050684213638306,0.11278390884399414,-0.1221718117594719,0.5506002902984619,0.3510935604572296,-0.050516657531261444,0.5442156195640564,0.22345642745494843,-0.07670745253562927,0.5422861576080322,0.13887503743171692,-0.10004068911075592,0.5401505827903748,0.0610443651676178,-0.11805695295333862,0.5914572477340698,0.35995030403137207,-0.05837810039520264,0.5928513407707214,0.24161788821220398,-0.08132962882518768,0.5927723050117493,0.16406896710395813,-0.10047262161970139,0.5910633206367493,0.09515395760536194,-0.1147943064570427,0.6337449550628662,0.3879881203174591,-0.07022014260292053,0.6414159536361694,0.29559239745140076,-0.08990725874900818,0.6451079845428467,0.23374833166599274,-0.10057482123374939,0.6473577618598938,0.17757777869701385,-0.10898081213235855
C,0.6284569501876831,0.49866610765457153,-6.288066600745879e-08,0.5565522313117981,0.4903533458709717,-0.0014255100395530462,0.4829098582267761,0.4541711211204529,-0.01246081106364727,0.42378395795822144,0.4507318139076233,-0.03059382177889347,0.37417545914649963,0.443612277507782,-0.04730498790740967,0.5100805163383484,0.2842714190483093,0.018335478380322456,0.48392850160598755,0.19726692140102386,-0.0032032448798418045,0.4461151361465454,0.17699778079986572,-0.022220680490136147,0.4168863594532013,0.18512141704559326,-0.03386839106678963,0.5337312817573547,0.2720557451248169,-0.0020131715573370457,0.5077472925186157,0.15624211728572845,-0.024846788495779037,0.4610356390476227,0.14488747715950012,-0.03947235271334648,0.4267796277999878,0.17048077285289764,-0.045916054397821426,0.5552987456321716,0.2749500870704651,-0.02803870290517807,0.5223076343536377,0.15807360410690308,-0.05005784332752228,0.46816033124923706,0.14640402793884277,-0.06128246709704399,0.4292958974838257,0.16891515254974365,-0.06489444524049759,0.5684528946876526,0.29370033740997314,-0.05550052970647812,0.5219077467918396,0.21815763413906097,-0.07470382004976273,0.4724441170692444,0.19473683834075928,-0.08497472107410431,0.43147721886634827,0.19352923333644867,-0.0897296816110611
C,0.610355794429779,0.49549126625061035,-6.102511918015807e-08,0.5356646776199341,0.48210591077804565,0.0020806530956178904,0.4606854021549225,0.4407576024532318,-0.007700657472014427,0.3999021053314209,0.4352123439311981,-0.025873610749840736,0.3478613495826721,0.4276945888996124,-0.04258743301033974,0.49144378304481506,0.27511101961135864,0.025092920288443565,0.4688399136066437,0.18420501053333282,0.0038573809433728456,0.4287972152233124,0.16293776035308838,-0.015431325882673264,0.3965373635292053,0.16940151154994965,-0.027622399851679802,0.5127864480018616,0.2650083005428314,0.002420874312520027,0.49056801199913025,0.14359362423419952,-0.021330691874027252,0.44023290276527405,0.13378426432609558,-0.03661263734102249,0.403013676404953,0.16010694205760956,-0.043452221900224686,0.5315084457397461,0.2691297233104706,-0.026055943220853806,0.502357006072998,0.1470099240541458,-0.04818069189786911,0.4457317888736725,0.13569240272045135,-0.059425950050354004,0.40506237745285034,0.15902893245220184,-0.06299300491809845,0.5411648750305176,0.2892351448535919,-0.05592285841703415,0.4961130619049072,0.2071598321199417,-0.07369323819875717,0.445573091506958,0.18131554126739502,-0.08339335769414902,0.40368080139160156,0.179719939827919,-0.08818534761667252
D,0.5936281681060791,0.6902029514312744,9.307017023729713e-08,0.49386149644851685,0.6731172204017639,0.017798179760575294,0.43390777707099915,0.6442289352416992,0.0077972677536308765,0.38442519307136536,0.6390783786773682,-0.014564518816769123,0.3355363607406616,0.6333774924278259,-0.03930434212088585,0.46721649169921875,0.4795979857444763,0.015170315280556679,0.4427882134914398,0.3790416419506073,-0.008805423974990845,0.4387562572956085,0.3042086660861969,-0.028811456635594368,0.43400824069976807,0.24087440967559814,-0.043029844760894775,0.4861522316932678,0.47409605979919434,-0.01094970665872097,0.3803679347038269,0.484622597694397,-0.04142804816365242,0.3474087715148926,0.549879252910614,-0.058778706938028336,0.3427496552467346,0.5952439904212952,-0.06831173598766327,0.4942900538444519,0.49521592259407043,-0.038129862397909164,0.3885002136230469,0.4921093285083771,-0.06654353439807892,0.35198235511779785,0.5578252077102661,-0.06891752779483795,0.3447147011756897,0.6123153567314148,-0.06551891565322876,0.4925733804702759,0.5316841006278992,-0.06442193686962128,0.4185752868652344,0.5120336413383484,-0.0856165736913681,0.38088318705558777,0.5441107153892517,-0.0865304097533226,0.3645904064178467,0.5836613178253174,-0.08248443901538849
D,0.5928961038589478,0.6599464416503906,5.359359533940733e-08,0.49794715642929077,0.6394503116607666,0.014315100386738777,0.43971678614616394,0.6128154993057251,0.005339307710528374,0.39223214983940125,0.6087826490402222,-0.015451613813638687,0.34545639157295227,0.5997077226638794,-0.038142938166856766,0.4686136841773987,0.4513084590435028,0.01701662316918373,0.4490468502044678,0.35615354776382446,-0.007960455492138863,0.4443538188934326,0.2858079969882965,-0.02875792421400547,0.440316379070282,0.22467249631881714,-0.04312965273857117,0.48773080110549927,0.4450221359729767,-0.007833903655409813,0.39017412066459656,0.4549192786216736,-0.040094293653964996,0.35679513216018677,0.5190232992172241,-0.05896955728530884,0.3507775068283081,0.5651825666427612,-0.06842534244060516,0.497938334941864,0.4622590243816376,-0.034731775522232056,0.3977232873439789,0.4647819995880127,-0.06652679294347763,0.3607599139213562,0.5320528745651245,-0.071355901658535,0.35291093587875366,0.5863121747970581,-0.0679553747177124,0.4994390606880188,0.49386829137802124,-0.06101572886109352,0.4260918200016022,0.4802151918411255,-0.08463091403245926,0.38884803652763367,0.516005277633667,-0.08681514114141464,0.37328240275382996,0.5570077896118164,-0.08262474089860916
G,0.52101069688797,0.759254515171051,-4.620537197297381e-07,0.479631245136261,0.6906601190567017,-0.026271190494298935,0.4702264368534088,0.5871856808662415,-0.038702476769685745,0.47298741340637207,0.504791259765625,-0.0508427694439888,0.46205881237983704,0.4439905881881714,-0.062215812504291534,0.5036258101463318,0.49593839049339294,-0.03924931213259697,0.49542656540870667,0.3878491520881653,-0.07762201875448227,0.49476298689842224,0.3107103705406189,-0.10274472087621689,0.498609334230423,0.24921125173568726,-0.1193852350115776,0.5572375059127808,0.49523642659187317,-0.04058504477143288,0.5361409187316895,0.5496214628219604,-0.09583353251218796,0.5064231753349304,0.6322147846221924,-0.10379493236541748,0.49485331773757935,0.6829692721366882,-0.09754577279090881,0.5968860387802124,0.5334765911102295,-0.045407384634017944,0.5657839179039001,0.6041438579559326,-0.09138257801532745,0.5323449373245239,0.6672542691230774,-0.07797346264123917,0.5210715532302856,0.7026175856590271,-0.058442212641239166,0.62723708152771,0.5870457887649536,-0.053947024047374725,0.5957621932029724,0.6523078083992004,-0.0848112404346466,0.5590639710426331,0.6953589916229248,-0.0781564861536026,0.5436831712722778,0.7144941091537476,-0.06459973752498627
G,0.5237905979156494,0.7524387240409851,-4.512541806889203e-07,0.47863873839378357,0.684968113899231,-0.025425605475902557,0.4690903425216675,0.579807698726654,-0.037436604499816895,0.4773312211036682,0.49283209443092346,-0.049683261662721634,0.46611642837524414,0.4268586337566376,-0.06125212088227272,0.5022556781768799,0.48865583539009094,-0.03617629036307335,0.4950143098831177,0.3758828043937683,-0.07092909514904022,0.49572455883026123,0.2995264530181885,-0.09284424781799316,0.501579761505127,0.2374173402786255,-0.10717260837554932,0.5550923347473145,0.4870011806488037,-0.03726467490196228,0.5357802510261536,0.5359189510345459,-0.09056627750396729,0.5087050795555115,0.6178750991821289,-0.09861813485622406,0.4986521899700165,0.6711094379425049,-0.09234757721424103,0.5951196551322937,0.5215480327606201,-0.04152905195951462,0.56675785779953,0.586312472820282,-0.08614479005336761,0.5364623665809631,0.6512086391448975,-0.0728660523891449,0.524998128414154,0.6918099522590637,-0.053055837750434875,0.6269382834434509,0.5705624222755432,-0.04934197664260864,0.5993151664733887,0.6274895071983337,-0.07765495032072067,0.5667648315429688,0.6711989045143127,-0.06987305730581284,0.5522744059562683,0.6945197582244873,-0.05552159994840622
